agent_id,users_first_name,users_last_name,users_office_location,org_id
A001,AgentFirst1,AgentLast1,Bangalore,O1
A002,AgentFirst2,AgentLast2,Delhi,O1
A003,AgentFirst3,AgentLast3,Mumbai,O1
A004,AgentFirst4,AgentLast4,Bangalore,O3
A005,AgentFirst5,AgentLast5,Bangalore,O3
A006,AgentFirst6,AgentLast6,Chennai,O1
A007,AgentFirst7,AgentLast7,Bangalore,O1
A008,AgentFirst8,AgentLast8,Mumbai,O1
A009,AgentFirst9,AgentLast9,Bangalore,O3
A010,AgentFirst10,AgentLast10,Mumbai,O3
A011,AgentFirst11,AgentLast11,Chennai,O1
A012,AgentFirst12,AgentLast12,Chennai,O3
A013,AgentFirst13,AgentLast13,Delhi,O1
A014,AgentFirst14,AgentLast14,Mumbai,O3
A015,AgentFirst15,AgentLast15,Chennai,O2
A016,AgentFirst16,AgentLast16,Delhi,O1
A017,AgentFirst17,AgentLast17,Mumbai,O2
A018,AgentFirst18,AgentLast18,Bangalore,O1
A019,AgentFirst19,AgentLast19,Chennai,O1
A020,AgentFirst20,AgentLast20,Delhi,O2
